<?xml version="1.0" encoding="UTF-8"?>
<projects>
	<project>
		<name>dfzx</name>
		<startTime>2015-06-01 00:00:00</startTime>
		<endTime>2015-07-01 00:00:00</endTime>
	</project>
	
	<project>
		<name>nanhai</name>
		<startTime>2016-07-10 00:00:00</startTime>
		<endTime>2016-07-19 00:00:00</endTime>
	</project>
	
	<project>
		<name>gsdd</name>
		<startTime>2015-06-16 00:00:00</startTime>
		<endTime>2015-07-14 00:00:00</endTime>
	</project>
	
	<project>
		<name>alphago</name>
		<startTime>2016-02-20 00:00:00</startTime>
		<endTime>2016-03-30 00:00:00</endTime>
	</project>
	
	<project>
		<name>pokemon</name>
		<startTime>2016-07-01 00:00:00</startTime>
		<endTime>2016-07-21 00:00:00</endTime>
	</project>
	
	<project>
		<name>kobe</name>
		<startTime>2016-04-10 00:00:00</startTime>
		<endTime>2016-04-20 00:00:00</endTime>
	</project>
	
	<project>
		<name>leonardo</name>
		<startTime>2016-02-20 00:00:00</startTime>
		<endTime>2016-03-10 00:00:00</endTime>
	</project>
	
	<project>
		<name>linxinru</name>
		<startTime>2016-05-10 00:00:00</startTime>
		<endTime>2016-05-30 00:00:00</endTime>
	</project>
	
	<project>
		<name>tuoou</name>
		<startTime>2016-06-20 00:00:00</startTime>
		<endTime>2016-07-01 00:00:00</endTime>
	</project>
	
	<project>
		<name>testdata</name>
		<startTime>2017-05-06 00:00:00</startTime>
		<endTime>2017-05-08 00:00:00</endTime>
	</project>
</projects>